"site","date","N","date2","year","month","pdate","wyear","yoa","ysw","max.N","Nc","x_lags","x_ct","y_lags","y_ct","lambda","log.lambda","log.max.N","temp","lgdL"
"HOWE CAVE","2/5/2010",37,"2010-02-05",2010,2,14.1612903225806,2010,2006,4,1213,38,1,1,0.305381649551182,0.305381649551182,1.35714285714286,0.132625565274591,3.08386080086657,NA,NA
"GAGES CAVE","1/1/2011",36,"2011-01-01",2011,1,13.0322580645161,2011,2007,4,940,37,2,1.4142135623731,-0.432133355190326,-0.305564425831974,0.805681579172283,-0.0938365658027482,2.9731278535997,NA,NA
"HAILES CAVE","2/18/2011",1496,"2011-02-18",2011,2,14.5806451612903,2011,2007,4,26658,1497,1,1,0.221975229392114,0.221975229392114,1.24854045037531,0.0964026172442037,4.42582756362451,7.92453987730061,-5.04306787894038
"HOWE CAVE","2/4/2011",29,"2011-02-04",2011,2,14.1290322580645,2011,2006,5,1213,30,1,1,-0.23638877806423,-0.23638877806423,0.789473684210526,-0.102662341897148,3.08386080086657,NA,NA
"KNOX CAVE","1/30/2011",354,"2011-01-30",2011,1,13.9677419354839,2011,2007,4,1820,355,2,1.4142135623731,0.679160938585205,0.480239305190619,1.40435829552939,0.147477923975894,3.26007138798507,NA,NA
"SCHOHARIE","4/1/2011",14,"2011-04-01",2011,4,16.0322580645161,2011,2007,4,953,15,1,1,-0.42744401482694,-0.42744401482694,0.652173913043478,-0.185636576961912,2.97909290063833,8.70860215053763,-3.98768779519371
"GAGES CAVE","1/1/2012",34,"2012-01-01",2012,1,13.0322580645161,2012,2007,5,940,35,1,1,-0.0555698511548108,-0.0555698511548108,0.945945945945946,-0.0241336797167194,2.9731278535997,NA,NA
"HAILES CAVE","3/13/2012",2402,"2012-03-13",2012,3,15.4193548387097,2012,2007,5,26658,2403,1,1,0.473254851316841,0.473254851316841,1.60521042084168,0.205531970460848,4.42582756362451,7.92453987730061,-5.04306787894038
"HOWE CAVE","3/29/2012",34,"2012-03-29",2012,3,15.9354838709677,2012,2006,6,1213,35,1,1,0.154150679827258,0.154150679827258,1.16666666666667,0.0669467896306132,3.08386080086657,NA,NA
"KNOX CAVE","2/16/2012",662,"2012-02-16",2012,2,14.5161290322581,2012,2007,5,1820,663,1,1,0.624657200710447,0.624657200710447,1.86760563380282,0.271285175349679,3.26007138798507,NA,NA
"MARTIN MINE","2/14/2012",5,"2012-02-14",2012,2,14.4516129032258,2012,2008,4,720,6,2,1.4142135623731,-0.154150679827258,-0.109000991030371,0.925820099772551,-0.0334733948153066,2.85733249643127,NA,NA
"SCHOHARIE","3/16/2012",16,"2012-03-16",2012,3,15.5161290322581,2012,2007,5,953,17,1,1,0.125163142954006,0.125163142954006,1.13333333333333,0.0543576623225927,2.97909290063833,8.70860215053763,-3.98768779519371
"SOUTH BETHLEHEM CAVE","3/19/2012",0,"2012-03-19",2012,3,15.6129032258065,2012,2008,4,100,1,1,1,-0.693147180559945,-0.693147180559945,0.5,-0.301029995663981,2,NA,NA
"SURPRISE CAVE","1/1/2012",38,"2012-01-01",2012,1,13.0322580645161,2012,2008,4,3764,39,25,5,-4.56994149410435,-0.91398829882087,0.832936675290679,-0.0793880149404088,3.57564961475522,NA,NA
"BARTON HILL MINE","1/14/2013",33492,"2013-01-14",2013,1,13.4516129032258,2013,2009,4,43376,33493,20,4.47213595499958,-0.258592884941143,-0.0578231269226178,0.987153584510882,-0.00561527314946903,4.63724950023641,2.35348837209302,-4.39845219226327
"EAGLE","1/1/2013",4502,"2013-01-01",2013,1,13.0322580645161,2013,2009,4,4502,4503,2,1.4142135623731,0.040331700935592,0.028518819228345,1.02037055492804,0.00875791758104996,3.6534054906645,NA,NA
"GLEN PARK CAVES","1/24/2013",1,"2013-01-24",2013,1,13.7741935483871,2013,2008,5,258,2,2,1.4142135623731,-1.87180217690159,-1.32356401232686,0.392232270276368,-0.406456678321428,2.41161970596323,NA,NA
"HAILES CAVE","2/21/2013",2804,"2013-02-21",2013,2,14.6774193548387,2013,2007,6,26658,2805,1,1,0.154685582220328,0.154685582220328,1.16729088639201,0.0671790947882801,4.42582756362451,7.92453987730061,-5.04306787894038
"HOOPER MINE","2/26/2013",187,"2013-02-26",2013,2,14.8387096774194,2013,2009,4,646,188,1,1,0.905708622543618,0.905708622543618,2.47368421052632,0.393344256982889,2.81023251799508,NA,NA
"HOWE CAVE","3/1/2013",28,"2013-03-01",2013,3,15.0322580645161,2013,2006,7,1213,29,1,1,-0.18805223150294,-0.18805223150294,0.828571428571429,-0.0816700464513195,3.08386080086657,NA,NA
"JAMESVILLE QUARRY CAVE","1/24/2013",532,"2013-01-24",2013,1,13.7741935483871,2013,2009,4,2029,533,2,1.4142135623731,-0.0741079721537218,-0.0524022496498806,0.963624111659432,-0.0160923416857006,3.30728204703335,NA,NA
"KNOX CAVE","1/1/2013",240,"2013-01-01",2013,1,13.0322580645161,2013,2007,6,1820,241,1,1,-1.01197805669521,-1.01197805669521,0.363499245852187,-0.439496485829905,3.26007138798507,NA,NA
"NORTON RANGE 'W MTN' CAVE","1/1/2013",215,"2013-01-01",2013,1,13.0322580645161,2013,2009,4,3239,216,28,5.29150262212918,-2.70805020110221,-0.511773383571064,0.907813717278439,-0.0420032592519886,3.51041094801018,NA,NA
"SCHOHARIE","2/28/2013",29,"2013-02-28",2013,2,14.9032258064516,2013,2007,6,953,30,1,1,0.567984037605939,0.567984037605939,1.76470588235294,0.246672333341388,2.97909290063833,8.70860215053763,-3.98768779519371
"SOUTH BETHLEHEM CAVE","2/14/2013",2,"2013-02-14",2013,2,14.4516129032258,2013,2008,5,100,3,1,1,1.09861228866811,1.09861228866811,3,0.477121254719662,2,NA,NA
"WALTER WILLIAMS PRESERVE","1/1/2013",25929,"2013-01-01",2013,1,13.0322580645161,2013,2008,5,87401,25930,3,1.73205080756888,0.441549979562151,0.254928999560882,1.15856633949818,0.063920906536112,4.94151640165039,4.39193548387097,-3.6561072030014
"WILLIAMS MINE #7-8","1/30/2013",1,"2013-01-30",2013,1,13.9677419354839,2013,2008,5,531,2,3,1.73205080756888,-2.83321334405622,-1.6357564868625,0.38891111873282,-0.410149640459425,2.72509452108147,NA,NA
"BENSON CAVE","1/1/2014",9,"2014-01-01",2014,1,13.0322580645161,2014,2007,7,37,10,6,2.44948974278318,0.693147180559945,0.282976151503444,1.12246204830937,0.0501716659439969,1.56820172406699,NA,NA
"GRAPHITE MINE","1/1/2014",2444,"2014-01-01",2014,1,13.0322580645161,2014,2008,6,183542,2445,4,2,0.176205329776518,0.0881026648882592,1.04503599776359,0.0191312506009712,5.26373545976579,3.80637873754153,-3.72798997581999
"HAILES CAVE","1/1/2014",3565,"2014-01-01",2014,1,13.0322580645161,2014,2007,7,26658,3566,1,1,0.240040980466289,0.240040980466289,1.27130124777184,0.104248473247156,4.42582756362451,7.92453987730061,-5.04306787894038
"HOOPER MINE","1/1/2014",176,"2014-01-01",2014,1,13.0322580645161,2014,2009,5,646,177,1,1,-0.06029223025612,-0.06029223025612,0.941489361702128,-0.0261845829018732,2.81023251799508,NA,NA
"HOWE CAVE","1/1/2014",45,"2014-01-01",2014,1,13.0322580645161,2014,2006,8,1213,46,1,1,0.461345566502621,0.461345566502621,1.58620689655172,0.200359833782618,3.08386080086657,NA,NA
"SCHOHARIE","1/1/2014",37,"2014-01-01",2014,1,13.0322580645161,2014,2007,7,953,38,1,1,0.23638877806423,0.23638877806423,1.26666666666667,0.102662341897148,2.97909290063833,8.70860215053763,-3.98768779519371
"SOUTH BETHLEHEM CAVE","1/1/2014",9,"2014-01-01",2014,1,13.0322580645161,2014,2008,6,100,10,1,1,1.20397280432594,1.20397280432594,3.33333333333333,0.522878745280338,2,NA,NA
"WILLIAMS MINE #9-10","1/1/2014",45,"2014-01-01",2014,1,13.0322580645161,2014,2008,6,45,46,4,2,0.245122458032985,0.122561229016492,1.06319722089595,0.0266138327285717,1.65321251377534,NA,NA
"WURTSBORO MINE (LOWER)","1/1/2014",10,"2014-01-01",2014,1,13.0322580645161,2014,2008,6,10,11,4,2,1.01160091167848,0.50580045583924,1.2877547884507,0.109833173457566,1,NA,NA
"JAMESVILLE QUARRY CAVE","1/1/2015",2029,"2015-01-01",2015,1,13.0322580645161,2015,2009,6,2029,2030,2,1.4142135623731,1.33726964786999,0.945592436283815,1.95157126285366,0.29038441444332,3.30728204703335,NA,NA
"SCHOHARIE","1/1/2015",7,"2015-01-01",2015,1,13.0322580645161,2015,2007,8,953,8,1,1,-1.55814461804655,-1.55814461804655,0.210526315789474,-0.676693609624867,2.97909290063833,8.70860215053763,-3.98768779519371
"SOUTH BETHLEHEM CAVE","1/1/2015",2,"2015-01-01",2015,1,13.0322580645161,2015,2008,7,100,3,1,1,-1.20397280432594,-1.20397280432594,0.3,-0.522878745280338,2,NA,NA
"SURPRISE CAVE","1/1/2015",24,"2015-01-01",2015,1,13.0322580645161,2015,2008,7,3764,25,3,1.73205080756888,-0.444685821261446,-0.256739478610105,0.862233979611118,-0.0643748661181539,3.57564961475522,NA,NA
"WALTER WILLIAMS PRESERVE","1/1/2015",37713,"2015-01-01",2015,1,13.0322580645161,2015,2008,7,87401,37714,2,1.4142135623731,0.374630778754158,0.264903964098262,1.2060075870568,0.0813500399820244,4.94151640165039,4.39193548387097,-3.6561072030014
"WILLIAMS HOTEL MINE","1/1/2015",1423,"2015-01-01",2015,1,13.0322580645161,2015,2008,7,9080,1424,5,2.23606797749979,-1.56359984720372,-0.699263109591159,0.731454713564785,-0.135812557109068,3.95808584852109,3.34028436018957,-4.36342602068224
"WILLIAMS LAKE MINE","1/1/2015",72,"2015-01-01",2015,1,13.0322580645161,2015,2008,7,9432,73,4,2,1.98787434815435,0.993937174077173,1.64373088345424,0.215830715030114,3.97460379208703,4.59733333333333,-3.83358353064646
"WILLIAMS MINE #7-8","1/1/2015",25,"2015-01-01",2015,1,13.0322580645161,2015,2008,7,531,26,2,1.4142135623731,2.56494935746154,1.81369308406113,3.60555127546399,0.556971676153418,2.72509452108147,NA,NA
"ARNOLD HILL MINE","1/1/2016",145,"2016-01-01",2016,1,13.0322580645161,2016,2009,7,698,146,4,2,0.0491326885776446,0.0245663442888223,1.01235892012749,0.00533451388258553,2.84385542262316,NA,NA
"CHEEVER MINE","1/1/2016",997,"2016-01-01",2016,1,13.0322580645161,2016,2012,4,4024,998,4,2,1.58763328246725,0.793816641233624,1.48721957642756,0.172375093465368,3.60465797204787,NA,NA
"CLARKSVILLE CAVE","1/1/2016",2,"2016-01-01",2016,1,13.0322580645161,2016,2008,8,21,3,6,2.44948974278318,1.09861228866811,0.448506588731348,1.200936955176,0.0795202091199437,1.32221929473392,NA,NA
"CLINTON MINE","1/1/2016",267,"2016-01-01",2016,1,13.0322580645161,2016,2010,6,1517,268,3,1.73205080756888,0.449323424008197,0.259416999804337,1.16157224922078,0.0650462278788783,3.18098558078673,7.5906976744186,-4.16995285394833
"CRANBERRY MINE","1/1/2016",1,"2016-01-01",2016,1,13.0322580645161,2016,2010,6,232,2,3,1.73205080756888,-0.916290731874155,-0.529020700703503,0.736806299728077,-0.132646669557346,2.3654879848909,NA,NA
"EAGLE","1/1/2016",3326,"2016-01-01",2016,1,13.0322580645161,2016,2009,7,4502,3327,3,1.73205080756888,-0.302672844283095,-0.174748248123235,0.904031613880792,-0.0438163820313701,3.6534054906645,NA,NA
"FRIENDS POINT MINE #1","1/1/2016",6,"2016-01-01",2016,1,13.0322580645161,2016,2008,8,1102,7,7,2.64575131106459,-1.18958406687384,-0.449620514936143,0.843714947820686,-0.0738042565719051,3.04218159451577,NA,NA
"NORTON RANGE 'W MTN' CAVE","1/1/2016",71,"2016-01-01",2016,1,13.0322580645161,2016,2009,7,3239,72,3,1.73205080756888,-1.09861228866811,-0.634284100597564,0.693361274350635,-0.159040418239888,3.51041094801018,NA,NA
"SOUTH BETHLEHEM CAVE","1/1/2016",11,"2016-01-01",2016,1,13.0322580645161,2016,2008,8,100,12,1,1,1.38629436111989,1.38629436111989,4,0.602059991327962,2,NA,NA
"WURTSBORO MINE (LOWER)","1/1/2016",10,"2016-01-01",2016,1,13.0322580645161,2016,2008,8,10,11,2,1.4142135623731,0,0,1,0,1,NA,NA
"WURTSBORO MINE (UPPER)","1/1/2016",7,"2016-01-01",2016,1,13.0322580645161,2016,2008,8,64,8,34,5.8309518948453,-2.0949457282158,-0.359280228339353,0.940243823331694,-0.0267595108720857,1.80617997398389,NA,NA
"BULL MINE","1/1/2017",345,"2017-01-01",2017,1,13.0322580645161,2017,2010,7,975,346,6,2.44948974278318,0.573439216493977,0.234105579818603,1.10028936329206,0.0415069145717098,2.98900461569854,1.17837837837838,-3.64999192770405
"GLEN PARK CAVES","1/1/2017",2,"2017-01-01",2017,1,13.0322580645161,2017,2008,9,258,3,4,2,0.405465108108164,0.202732554054082,1.10668191970032,0.0440228147639204,2.41161970596323,NA,NA
"GRAPHITE MINE","1/1/2017",4534,"2017-01-01",2017,1,13.0322580645161,2017,2008,9,183542,4535,3,1.73205080756888,0.617779960640265,0.356675426575613,1.22866308261097,0.0894328093121583,5.26373545976579,3.80637873754153,-3.72798997581999
"HAILES CAVE","1/1/2017",4755,"2017-01-01",2017,1,13.0322580645161,2017,2007,10,26658,4756,3,1.73205080756888,0.287962459387587,0.16625520344393,1.10074528969037,0.0416868357024394,4.42582756362451,7.92453987730061,-5.04306787894038
"HOWE CAVE","1/1/2017",50,"2017-01-01",2017,1,13.0322580645161,2017,2006,11,1213,51,3,1.73205080756888,0.103184236235231,0.0595734465665364,1.03499308487182,0.0149374481387875,3.08386080086657,NA,NA
"KNOX CAVE","1/1/2017",340,"2017-01-01",2017,1,13.0322580645161,2017,2007,10,1820,341,4,2,0.347085543792862,0.173542771896431,1.0906473139136,0.0376843341044073,3.26007138798507,NA,NA
"SOUTH BETHLEHEM CAVE","1/1/2017",4,"2017-01-01",2017,1,13.0322580645161,2017,2008,9,100,5,1,1,-0.8754687373539,-0.8754687373539,0.416666666666667,-0.380211241711606,2,NA,NA
"WALTER WILLIAMS PRESERVE","1/1/2017",35520,"2017-01-01",2017,1,13.0322580645161,2017,2008,9,87401,35521,2,1.4142135623731,-0.059907307423901,-0.0423608633220676,0.970490511139007,-0.0130087065199409,4.94151640165039,4.39193548387097,-3.6561072030014
"WILLIAMS HOTEL MINE","1/1/2017",2014,"2017-01-01",2017,1,13.0322580645161,2017,2008,9,9080,2015,2,1.4142135623731,0.347149382408862,0.245471682386028,1.18954953233888,0.0753825305881453,3.95808584852109,3.34028436018957,-4.36342602068224
"ARNOLD HILL MINE","1/1/2018",186,"2018-01-01",2018,1,13.0322580645161,2018,2009,9,698,187,2,1.4142135623731,0.24750199514625,0.175010339125113,1.13173403139086,0.0537443753760309,2.84385542262316,NA,NA
"ARTHUR + CO. MINE","1/18/2018",0,"2018-01-18",2018,1,13.5806451612903,2018,2014,4,31,1,1,1,-0.693147180559945,-0.693147180559945,0.5,-0.301029995663981,1.49136169383427,NA,NA
"BLACKBALL","3/19/2018",177,"2018-03-19",2018,3,15.6129032258065,2018,2013,5,17372,178,2,1.4142135623731,-0.0493250665625014,-0.0348780890488226,0.975639102206349,-0.0107108021138025,4.23984982069019,8.00542372881356,-3.65293766006043
"CHEEVER MINE","1/1/2018",2043,"2018-01-01",2018,1,13.0322580645161,2018,2012,6,4024,2044,2,1.4142135623731,0.716910675012131,0.506932399806103,1.43111711344137,0.155675175087652,3.60465797204787,NA,NA
"CLARKSVILLE CAVE","1/1/2018",3,"2018-01-01",2018,1,13.0322580645161,2018,2008,10,21,4,2,1.4142135623731,0.287682072451781,0.203421944256454,1.15470053837925,0.06246936830415,1.32221929473392,NA,NA
"CRANBERRY MINE","1/1/2018",14,"2018-01-01",2018,1,13.0322580645161,2018,2010,8,232,15,2,1.4142135623731,2.01490302054226,1.42475158925869,2.73861278752583,0.43753063169585,2.3654879848909,NA,NA
"EAGLE","1/1/2018",3473,"2018-01-01",2018,1,13.0322580645161,2018,2009,9,4502,3474,2,1.4142135623731,0.0432356707825735,0.0305722359995068,1.02185319371427,0.00938850662112865,3.6534054906645,NA,NA
"FAHNESTOCK","1/1/2018",0,"2018-01-01",2018,1,13.0322580645161,2018,2008,10,407,1,8,2.82842712474619,0,0,1,0,2.60959440922522,9.22121212121212,-5.0054525638524
"FRIENDS POINT MINE #1","1/1/2018",2,"2018-01-01",2018,1,13.0322580645161,2018,2008,10,1102,3,2,1.4142135623731,-0.847297860387204,-0.599130062764644,0.654653670707977,-0.183988392647297,3.04218159451577,NA,NA
"SCHOHARIE","1/1/2018",41,"2018-01-01",2018,1,13.0322580645161,2018,2007,11,953,42,3,1.73205080756888,1.65822807660353,0.957378426404845,1.73801332244322,0.240053101135319,2.97909290063833,8.70860215053763,-3.98768779519371
"ZIMMERMAN","3/19/2018",374,"2018-03-19",2018,3,15.6129032258065,2018,2013,5,16589,375,2,1.4142135623731,-0.188966099512623,-0.133619210379748,0.909843156558549,-0.0410334671425565,4.21982020714724,7.62134632418069,-3.73377779769118
"ARTHUR + CO. MINE","1/22/2019",0,"2019-01-22",2019,1,13.7096774193548,2019,2014,5,31,1,1,1,0,0,1,0,1.49136169383427,NA,NA
"ATKINSON MINE CAVE","1/22/2019",2,"2019-01-22",2019,1,13.7096774193548,2019,2015,4,881,3,1,1,-0.510825623765991,-0.510825623765991,0.6,-0.221848749616356,2.94497590841205,NA,NA
"BEATENS CAVE","3/11/2019",9,"2019-03-11",2019,3,15.3548387096774,2019,2015,4,82,10,1,1,-0.262364264467491,-0.262364264467491,0.769230769230769,-0.113943352306837,1.91381385238372,6.15443519619501,-4.44084677986288
"BLACKBALL","3/14/2019",162,"2019-03-14",2019,3,15.4516129032258,2019,2013,6,17372,163,1,1,-0.0880333494853228,-0.0880333494853228,0.915730337078652,-0.0382323979049362,4.23984982069019,8.00542372881356,-3.65293766006043
"BOB'S CAVE","1/10/2019",0,"2019-01-10",2019,1,13.3225806451613,2019,2015,4,5,1,3,1.73205080756888,0,0,1,0,0.698970004336019,NA,NA
"BOSCOBEL BEAR","3/3/2019",3,"2019-03-03",2019,3,15.0967741935484,2019,2015,4,111,4,1,1,-0.559615787935423,-0.559615787935423,0.571428571428571,-0.243038048686294,2.04532297878666,7.26837419354839,-3.70586279095923
"BULL MINE","1/1/2019",448,"2019-01-01",2019,1,13.0322580645161,2019,2010,9,975,449,2,1.4142135623731,0.26058411268453,0.184260793148711,1.13916103395072,0.0565851211052733,2.98900461569854,1.17837837837838,-3.64999192770405
"GLEN ADIT","3/10/2019",64,"2019-03-10",2019,3,15.3225806451613,2019,2015,4,569,65,1,1,0.0800427076735364,0.0800427076735364,1.08333333333333,0.0347621062592119,2.75511226639507,4.34124849939976,-3.84646752584571
"GLEN PARK CAVES","1/1/2019",65,"2019-01-01",2019,1,13.0322580645161,2019,2008,11,258,66,2,1.4142135623731,3.09104245335832,2.18569707970517,4.69041575982343,0.671211340411103,2.41161970596323,NA,NA
"HAILES CAVE","1/1/2019",7211,"2019-01-01",2019,1,13.0322580645161,2019,2007,12,26658,7212,2,1.4142135623731,0.416339326512535,0.294396361051654,1.23142207890599,0.0904069360518552,4.42582756362451,7.92453987730061,-5.04306787894038
"HORSESHOE BAY","3/13/2019",23,"2019-03-13",2019,3,15.4193548387097,2019,2015,4,1448,24,1,1,-0.45953232937844,-0.45953232937844,0.631578947368421,-0.199572354905204,3.16076856186113,7.375,-3.43055476295668
"JAMESVILLE QUARRY CAVE","1/1/2019",1885,"2019-01-01",2019,1,13.0322580645161,2019,2009,10,2029,1886,4,2,-0.0735776088424303,-0.0367888044212151,0.981773742255023,-0.00798858737797584,3.30728204703335,NA,NA
"JOHNSTON POTTERY","3/3/2019",0,"2019-03-03",2019,3,15.0967741935484,2019,2015,4,9,1,2,1.4142135623731,0,0,1,0,0.954242509439325,6.75939799331104,-4.52995195938727
"KICKAPOO CAVERNS (TOURIST)","1/15/2019",7,"2019-01-15",2019,1,13.4838709677419,2019,2015,4,189,8,1,1,-0.318453731118535,-0.318453731118535,0.727272727272727,-0.138302698166281,2.27646180417324,NA,NA
"KNOX CAVE","1/1/2019",444,"2019-01-01",2019,1,13.0322580645161,2019,2007,12,1820,445,2,1.4142135623731,0.266191804882723,0.18822603032886,1.14235954814734,0.0578028159942169,3.26007138798507,NA,NA
"MASS C","3/11/2019",12,"2019-03-11",2019,3,15.3548387096774,2019,2015,4,158,13,1,1,-0.143100843640673,-0.143100843640673,0.866666666666667,-0.0621479067488445,2.19865708695442,4.23196347031963,-4.05144829535354
"NEDA MINE","3/15/2019",1747,"2019-03-15",2019,3,15.4838709677419,2019,2015,4,25048,1748,8,2.82842712474619,-1.60875117783003,-0.568779433542728,0.817835635448701,-0.0873339699108671,4.39877305460886,7.57700331125828,-4.41652506716214
"ROGER'S CAVE","1/24/2019",0,"2019-01-24",2019,1,13.7741935483871,2019,2015,4,24,1,3,1.73205080756888,-2.83321334405622,-1.6357564868625,0.38891111873282,-0.410149640459425,1.38021124171161,NA,NA
"ST. JOHN","3/4/2019",1,"2019-03-04",2019,3,15.1290322580645,2019,2015,4,353,2,1,1,0,0,1,0,2.54777470538782,7.21323529411765,-4.00650339533156
"STAMPFLI","3/2/2019",0,"2019-03-02",2019,3,15.0645161290323,2019,2015,4,13,1,1,1,-1.09861228866811,-1.09861228866811,0.333333333333333,-0.477121254719662,1.11394335230684,10.024213836478,-3.9323790015985
"STRAWBERRY BLONDE","3/4/2019",0,"2019-03-04",2019,3,15.1290322580645,2019,2015,4,14,1,1,1,-0.693147180559945,-0.693147180559945,0.5,-0.301029995663981,1.14612803567824,4.45487804878049,-4.06695706756139
"WALTER WILLIAMS PRESERVE","1/1/2019",35737,"2019-01-01",2019,1,13.0322580645161,2019,2008,11,87401,35738,2,1.4142135623731,0.0060904775756396,0.00430661799439936,1.0030498802377,0.00132253040162786,4.94151640165039,4.39193548387097,-3.6561072030014
"WILLIAMS LAKE MINE","1/1/2019",281,"2019-01-01",2019,1,13.0322580645161,2019,2008,11,9432,282,4,2,1.35144762978972,0.675723814894861,1.40194689161263,0.146731562049726,3.97460379208703,4.59733333333333,-3.83358353064646
"ZIMMERMAN","3/14/2019",449,"2019-03-14",2019,3,15.4516129032258,2019,2013,6,16589,450,1,1,0.182321556793955,0.182321556793955,1.2,0.0791812460476248,4.21982020714724,7.62134632418069,-3.73377779769118
"ARNOLD HILL MINE","1/1/2020",228,"2020-01-01",2020,1,13.0322580645161,2020,2009,11,698,229,2,1.4142135623731,0.202613386699653,0.143269299694497,1.10661598148648,0.0439969379016945,2.84385542262316,NA,NA
"ARTHUR + CO. MINE","1/28/2020",0,"2020-01-28",2020,1,13.9032258064516,2020,2014,6,31,1,1,1,0,0,1,0,1.49136169383427,NA,NA
"ATKINSON MINE CAVE","1/28/2020",0,"2020-01-28",2020,1,13.9032258064516,2020,2015,5,881,1,1,1,-1.09861228866811,-1.09861228866811,0.333333333333333,-0.477121254719662,2.94497590841205,NA,NA
"BAY CITY","3/2/2020",5809,"2020-03-02",2020,3,15.0645161290323,2020,2016,4,55759,5810,1,1,-0.0421292292174032,-0.0421292292174032,0.958745874587459,-0.0182964917759555,4.74631497638163,4.32537190082645,-4.50299901569057
"BEAR CAVE","2/22/2020",1,"2020-02-22",2020,2,14.7096774193548,2020,2016,4,28,2,1,1,-0.405465108108164,-0.405465108108164,0.666666666666667,-0.176091259055681,1.44715803134222,NA,NA
"BEAR CREEK","2/27/2020",3,"2020-02-27",2020,2,14.8709677419355,2020,2016,4,171,4,1,1,0.693147180559945,0.693147180559945,2,0.301029995663981,2.23299611039215,7.37600802407222,-3.89841667033448
"BEATENS CAVE","3/8/2020",11,"2020-03-08",2020,3,15.258064516129,2020,2015,5,82,12,1,1,0.182321556793955,0.182321556793955,1.2,0.0791812460476248,1.91381385238372,6.15443519619501,-4.44084677986288
"BLACKBALL","3/12/2020",245,"2020-03-12",2020,3,15.3870967741935,2020,2013,7,17372,246,1,1,0.4115813351256,0.4115813351256,1.50920245398773,0.178747502699421,4.23984982069019,8.00542372881356,-3.65293766006043
"BOSCOBEL BEAR","3/14/2020",3,"2020-03-14",2020,3,15.4516129032258,2020,2015,5,111,4,1,1,0,0,1,0,2.04532297878666,7.26837419354839,-3.70586279095923
"CLARKSVILLE CAVE","1/1/2020",2,"2020-01-01",2020,1,13.0322580645161,2020,2008,12,21,3,2,1.4142135623731,-0.287682072451781,-0.203421944256454,0.866025403784439,-0.06246936830415,1.32221929473392,NA,NA
"CLINTON MINE","1/1/2020",352,"2020-01-01",2020,1,13.0322580645161,2020,2010,10,1517,353,4,2,0.27548107642244,0.13774053821122,1.07129721978645,0.0299099778397584,3.18098558078673,7.5906976744186,-4.16995285394833
"COBB CAVE","2/5/2020",0,"2020-02-05",2020,2,14.1612903225806,2020,2016,4,10,1,1,1,0,0,1,0,1,NA,NA
"CRANBERRY MINE","1/1/2020",3,"2020-01-01",2020,1,13.0322580645161,2020,2010,10,232,4,2,1.4142135623731,-1.32175583998232,-0.934622517524419,0.516397779494322,-0.287015633863859,2.3654879848909,NA,NA
"EAGLE","1/1/2020",2915,"2020-01-01",2020,1,13.0322580645161,2020,2009,11,4502,2916,2,1.4142135623731,-0.175093853672501,-0.123810051275911,0.916175877406718,-0.0380211472325714,3.6534054906645,NA,NA
"ELROY SPARTA","2/29/2020",21,"2020-02-29",2020,2,14.9354838709677,2020,2016,4,185,22,1,1,-0.34294475112683,-0.34294475112683,0.709677419354839,-0.148939013012066,2.26717172840301,7.34024822695035,-4.17344371852443
"FAHNESTOCK","1/1/2020",0,"2020-01-01",2020,1,13.0322580645161,2020,2008,12,407,1,2,1.4142135623731,0,0,1,0,2.60959440922522,9.22121212121212,-5.0054525638524
"FRIENDS POINT MINE #1","1/1/2020",6,"2020-01-01",2020,1,13.0322580645161,2020,2008,12,1102,7,2,1.4142135623731,0.847297860387204,0.599130062764644,1.52752523165195,0.183988392647297,3.04218159451577,NA,NA
"GLEN ADIT","3/7/2020",45,"2020-03-07",2020,3,15.2258064516129,2020,2015,5,569,46,1,1,-0.345745873406542,-0.345745873406542,0.707692307692308,-0.150155524961281,2.75511226639507,4.34124849939976,-3.84646752584571
"HORSESHOE BAY","3/10/2020",14,"2020-03-10",2020,3,15.3225806451613,2020,2015,5,1448,15,1,1,-0.470003629245736,-0.470003629245736,0.625,-0.204119982655925,3.16076856186113,7.375,-3.43055476295668
"INDIAN OVEN CAVE","1/1/2020",0,"2020-01-01",2020,1,13.0322580645161,2020,2012,8,37,1,8,2.82842712474619,-1.38629436111989,-0.490129071734274,0.840896415253715,-0.0752574989159953,1.56820172406699,NA,NA
"KICKAPOO CAVERNS (TOURIST)","1/23/2020",3,"2020-01-23",2020,1,13.741935483871,2020,2015,5,189,4,1,1,-0.693147180559945,-0.693147180559945,0.5,-0.301029995663981,2.27646180417324,NA,NA
"MAIDEN ROCK","3/2/2020",27412,"2020-03-02",2020,3,15.0645161290323,2020,2016,4,128019,27413,1,1,0.0615347319706427,0.0615347319706427,1.06346743220701,0.0267241945402457,5.10727443045094,7.02758002560819,-4.34330016632029
"MARIBEL","3/13/2020",14,"2020-03-13",2020,3,15.4193548387097,2020,2016,4,127,15,1,1,0.762140052046897,0.762140052046897,2.14285714285714,0.330993219041424,2.10380372095596,9.14758478931141,-3.9117302800308
"MASS C","3/7/2020",8,"2020-03-07",2020,3,15.2258064516129,2020,2015,5,158,9,1,1,-0.367724780125317,-0.367724780125317,0.692307692307692,-0.159700842867512,2.19865708695442,4.23196347031963,-4.05144829535354
"NEDA MINE","3/11/2020",2884,"2020-03-11",2020,3,15.3548387096774,2020,2015,5,25048,2885,1,1,0.501052622726719,0.501052622726719,1.65045766590389,0.217604389193366,4.39877305460886,7.57700331125828,-4.41652506716214
"POTOWATOMI","3/10/2020",0,"2020-03-10",2020,3,15.3225806451613,2020,2016,4,5,1,1,1,0,0,1,0,0.698970004336019,2.88484848484848,-4.43090098572869
"ROGER'S CAVE","2/7/2020",0,"2020-02-07",2020,2,14.2258064516129,2020,2015,5,24,1,1,1,0,0,1,0,1.38021124171161,NA,NA
"SCHOHARIE","1/1/2020",16,"2020-01-01",2020,1,13.0322580645161,2020,2007,13,953,17,2,1.4142135623731,-0.904456274227152,-0.639547164792739,0.636209010280352,-0.196400184509813,2.97909290063833,8.70860215053763,-3.98768779519371
"SOUTH BETHLEHEM CAVE","1/1/2020",1,"2020-01-01",2020,1,13.0322580645161,2020,2008,12,100,2,3,1.73205080756888,-0.916290731874155,-0.529020700703503,0.736806299728077,-0.132646669557346,2,NA,NA
"ST. JOHN","2/28/2020",1,"2020-02-28",2020,2,14.9032258064516,2020,2015,5,353,2,1,1,0,0,1,0,2.54777470538782,7.21323529411765,-4.00650339533156
"STAMPFLI","2/27/2020",0,"2020-02-27",2020,2,14.8709677419355,2020,2015,5,13,1,1,1,0,0,1,0,1.11394335230684,10.024213836478,-3.9323790015985
"STRAWBERRY BLONDE","3/14/2020",1,"2020-03-14",2020,3,15.4516129032258,2020,2015,5,14,2,1,1,0.693147180559945,0.693147180559945,2,0.301029995663981,1.14612803567824,4.45487804878049,-4.06695706756139
"TAYLOR MINE","3/6/2020",21,"2020-03-06",2020,3,15.1935483870968,2020,2016,4,240,22,1,1,-0.0444517625708338,-0.0444517625708338,0.956521739130435,-0.0193051551953866,2.38021124171161,6.74845890410959,-4.03982941028149
"WELLEVER CAVE","2/22/2020",0,"2020-02-22",2020,2,14.7096774193548,2020,2016,4,17,1,2,1.4142135623731,0,0,1,0,1.23044892137827,NA,NA
"WURTSBORO MINE (LOWER)","1/1/2020",7,"2020-01-01",2020,1,13.0322580645161,2020,2008,12,10,8,4,2,-0.318453731118535,-0.159226865559267,0.923473261888205,-0.0345756745415704,1,NA,NA
"WURTSBORO MINE (UPPER)","1/1/2020",6,"2020-01-01",2020,1,13.0322580645161,2020,2008,12,64,7,4,2,-0.133531392624523,-0.0667656963122613,0.967168210133835,-0.0144979867444217,1.80617997398389,NA,NA
"ZIMMERMAN","3/12/2020",563,"2020-03-12",2020,3,15.3870967741935,2020,2013,7,16589,564,1,1,0.225806668733694,0.225806668733694,1.25333333333333,0.0980665902079986,4.21982020714724,7.62134632418069,-3.73377779769118
"BAY CITY","3/1/2021",7322,"2021-03-01",2021,3,15.0322580645161,2021,2016,5,55759,7323,1,1,0.231439509215113,0.231439509215113,1.26041308089501,0.10051290174652,4.74631497638163,4.32537190082645,-4.50299901569057
"BEAR CREEK","3/12/2021",2,"2021-03-12",2021,3,15.3870967741935,2021,2016,5,171,3,1,1,-0.287682072451781,-0.287682072451781,0.75,-0.1249387366083,2.23299611039215,7.37600802407222,-3.89841667033448
"BEATENS CAVE","3/4/2021",6,"2021-03-04",2021,3,15.1290322580645,2021,2015,6,82,7,1,1,-0.538996500732687,-0.538996500732687,0.583333333333333,-0.234083206033368,1.91381385238372,6.15443519619501,-4.44084677986288
"BLACKBALL","3/15/2021",233,"2021-03-15",2021,3,15.4838709677419,2021,2013,8,17372,234,1,1,-0.0500104205746614,-0.0500104205746614,0.951219512195122,-0.0217192496932363,4.23984982069019,8.00542372881356,-3.65293766006043
"BOSCOBEL BEAR","3/13/2021",2,"2021-03-13",2021,3,15.4193548387097,2021,2015,6,111,3,1,1,-0.287682072451781,-0.287682072451781,0.75,-0.1249387366083,2.04532297878666,7.26837419354839,-3.70586279095923
"CHEEVER MINE","1/1/2021",4024,"2021-01-01",2021,1,13.0322580645161,2021,2012,9,4024,4025,3,1.73205080756888,0.677616238529069,0.39122191772202,1.25341531752054,0.0980949977470707,3.60465797204787,NA,NA
"ELROY SPARTA","2/25/2021",64,"2021-02-25",2021,2,14.8064516129032,2021,2016,5,185,65,1,1,1.08334481653732,1.08334481653732,2.95454545454545,0.470490675820649,2.26717172840301,7.34024822695035,-4.17344371852443
"GLEN ADIT","3/4/2021",44,"2021-03-04",2021,3,15.1290322580645,2021,2015,6,569,45,1,1,-0.0219789067187752,-0.0219789067187752,0.978260869565217,-0.00954531790623039,2.75511226639507,4.34124849939976,-3.84646752584571
"GRAPHITE MINE","1/1/2021",12184,"2021-01-01",2021,1,13.0322580645161,2021,2008,13,183542,12185,4,2,0.98838060351007,0.494190301755035,1.28030092873959,0.107312060531157,5.26373545976579,3.80637873754153,-3.72798997581999
"HAILES CAVE","1/1/2021",10584,"2021-01-01",2021,1,13.0322580645161,2021,2007,14,26658,10585,2,1.4142135623731,0.383691599245758,0.271310931710986,1.2114836913189,0.0833175721525332,4.42582756362451,7.92453987730061,-5.04306787894038
"HORSESHOE BAY","3/9/2021",31,"2021-03-09",2021,3,15.2903225806452,2021,2015,6,1448,32,1,1,0.757685701697516,0.757685701697516,2.13333333333333,0.329058719264225,3.16076856186113,7.375,-3.43055476295668
"JOHNSTON POTTERY","3/13/2021",0,"2021-03-13",2021,3,15.4193548387097,2021,2015,6,9,1,2,1.4142135623731,0,0,1,0,0.954242509439325,6.75939799331104,-4.52995195938727
"KNOX CAVE","1/1/2021",482,"2021-01-01",2021,1,13.0322580645161,2021,2007,14,1820,483,2,1.4142135623731,0.0819423714863325,0.0579420065444929,1.04182208578383,0.0177935598852903,3.26007138798507,NA,NA
"LEDGEVIEW","3/8/2021",2,"2021-03-08",2021,3,15.258064516129,2021,2017,4,35,3,1,1,-0.847297860387204,-0.847297860387204,0.428571428571429,-0.367976785294594,1.54406804435028,8.07144112478032,-4.02003835549703
"MAIDEN ROCK","3/2/2021",22461,"2021-03-02",2021,3,15.0645161290323,2021,2016,5,128019,22462,1,1,-0.199192360890899,-0.199192360890899,0.81939225914712,-0.0865081431721987,5.10727443045094,7.02758002560819,-4.34330016632029
"MARIBEL","3/8/2021",11,"2021-03-08",2021,3,15.258064516129,2021,2016,5,127,12,1,1,-0.22314355131421,-0.22314355131421,0.8,-0.0969100130080564,2.10380372095596,9.14758478931141,-3.9117302800308
"MASS C","3/4/2021",10,"2021-03-04",2021,3,15.1290322580645,2021,2015,6,158,11,1,1,0.200670695462151,0.200670695462151,1.22222222222222,0.0871501757189002,2.19865708695442,4.23196347031963,-4.05144829535354
"NEDA MINE","3/10/2021",3010,"2021-03-10",2021,3,15.3225806451613,2021,2015,6,25048,3011,1,1,0.0427473495395338,0.0427473495395338,1.04367417677643,0.018564938021009,4.39877305460886,7.57700331125828,-4.41652506716214
"ST. JOHN","3/14/2021",1,"2021-03-14",2021,3,15.4516129032258,2021,2015,6,353,2,1,1,0,0,1,0,2.54777470538782,7.21323529411765,-4.00650339533156
"STAMPFLI","3/12/2021",0,"2021-03-12",2021,3,15.3870967741935,2021,2015,6,13,1,1,1,0,0,1,0,1.11394335230684,10.024213836478,-3.9323790015985
"STRAWBERRY BLONDE","3/14/2021",0,"2021-03-14",2021,3,15.4516129032258,2021,2015,6,14,1,1,1,-0.693147180559945,-0.693147180559945,0.5,-0.301029995663981,1.14612803567824,4.45487804878049,-4.06695706756139
"TAYLOR MINE","3/4/2021",19,"2021-03-04",2021,3,15.1290322580645,2021,2016,5,240,20,1,1,-0.0953101798043249,-0.0953101798043249,0.909090909090909,-0.0413926851582251,2.38021124171161,6.74845890410959,-4.03982941028149
"WALTER WILLIAMS PRESERVE","1/1/2021",37564,"2021-01-01",2021,1,13.0322580645161,2021,2008,13,87401,37565,2,1.4142135623731,0.0498582173646544,0.03525508359642,1.02524243716085,0.0108265743395012,4.94151640165039,4.39193548387097,-3.6561072030014
"WILLIAMS HOTEL MINE","1/1/2021",2997,"2021-01-01",2021,1,13.0322580645161,2021,2008,13,9080,2998,4,2,0.39732620428176,0.19866310214088,1.1044324146119,0.0431391445087831,3.95808584852109,3.34028436018957,-4.36342602068224
"WILLIAMS LAKE MINE","1/1/2021",419,"2021-01-01",2021,1,13.0322580645161,2021,2008,13,9432,420,2,1.4142135623731,0.3983476403393,0.281674317753579,1.22039407657021,0.0865000910392697,3.97460379208703,4.59733333333333,-3.83358353064646
"ZIMMERMAN","3/15/2021",684,"2021-03-15",2021,3,15.4838709677419,2021,2013,8,16589,685,1,1,0.194364586764166,0.194364586764166,1.2145390070922,0.0844114675090833,4.21982020714724,7.62134632418069,-3.73377779769118
"BAY CITY","3/1/2022",11526,"2022-03-01",2022,3,15.0322580645161,2022,2016,6,55759,11527,1,1,0.453672029539943,0.453672029539943,1.57408166052164,0.197027259023046,4.74631497638163,4.32537190082645,-4.50299901569057
"BEAR CREEK","2/26/2022",5,"2022-02-26",2022,2,14.8387096774194,2022,2016,6,171,6,1,1,0.693147180559945,0.693147180559945,2,0.301029995663981,2.23299611039215,7.37600802407222,-3.89841667033448
"BEATENS CAVE","3/6/2022",4,"2022-03-06",2022,3,15.1935483870968,2022,2015,7,82,5,1,1,-0.336472236621213,-0.336472236621213,0.714285714285714,-0.146128035678238,1.91381385238372,6.15443519619501,-4.44084677986288
"BLACKBALL","3/15/2022",331,"2022-03-15",2022,3,15.4838709677419,2022,2013,9,17372,332,1,1,0.349813853558787,0.349813853558787,1.41880341880342,0.151922226293893,4.23984982069019,8.00542372881356,-3.65293766006043
"BOSCOBEL BEAR","2/26/2022",7,"2022-02-26",2022,2,14.8387096774194,2022,2015,7,111,8,1,1,0.980829253011726,0.980829253011726,2.66666666666667,0.425968732272281,2.04532297878666,7.26837419354839,-3.70586279095923
"CLINTON MINE","1/1/2022",538,"2022-01-01",2022,1,13.0322580645161,2022,2010,12,1517,539,2,1.4142135623731,0.4232475139757,0.299281187252566,1.2356828805576,0.0919070298994581,3.18098558078673,7.5906976744186,-4.16995285394833
"ELROY SPARTA","3/4/2022",35,"2022-03-04",2022,3,15.1290322580645,2022,2016,6,185,36,1,1,-0.590868331439527,-0.590868331439527,0.553846153846154,-0.256610855875568,2.26717172840301,7.34024822695035,-4.17344371852443
"GLEN ADIT","3/6/2022",22,"2022-03-06",2022,3,15.1935483870968,2022,2015,7,569,23,1,1,-0.67116827384117,-0.67116827384117,0.511111111111111,-0.291484677757751,2.75511226639507,4.34124849939976,-3.84646752584571
"HORSESHOE BAY","3/11/2022",44,"2022-03-11",2022,3,15.3548387096774,2022,2015,7,1448,45,1,1,0.340926586970593,0.340926586970593,1.40625,0.148062535455438,3.16076856186113,7.375,-3.43055476295668
"JOHNSTON POTTERY","3/13/2022",0,"2022-03-13",2022,3,15.4193548387097,2022,2015,7,9,1,1,1,0,0,1,0,0.954242509439325,6.75939799331104,-4.52995195938727
"LEDGEVIEW","3/12/2022",2,"2022-03-12",2022,3,15.3870967741935,2022,2017,5,35,3,1,1,0,0,1,0,1.54406804435028,8.07144112478032,-4.02003835549703
"MAIDEN ROCK","2/28/2022",28132,"2022-02-28",2022,2,14.9032258064516,2022,2016,6,128019,28133,1,1,0.225118271981533,0.225118271981533,1.25247083964028,0.0977676232971752,5.10727443045094,7.02758002560819,-4.34330016632029
"MARIBEL","3/12/2022",10,"2022-03-12",2022,3,15.3870967741935,2022,2016,6,127,11,1,1,-0.0870113769896298,-0.0870113769896298,0.916666666666667,-0.0377885608893998,2.10380372095596,9.14758478931141,-3.9117302800308
"MASS C","3/6/2022",6,"2022-03-06",2022,3,15.1935483870968,2022,2015,7,158,7,1,1,-0.451985123743057,-0.451985123743057,0.636363636363636,-0.196294645143968,2.19865708695442,4.23196347031963,-4.05144829535354
"NEDA MINE","3/16/2022",3570,"2022-03-16",2022,3,15.5161290322581,2022,2015,7,25048,3571,1,1,0.170573419112715,0.170573419112715,1.18598472268349,0.0740790946800226,4.39877305460886,7.57700331125828,-4.41652506716214
"SOUTH PORTAL","3/2/2022",6,"2022-03-02",2022,3,15.0645161290323,2022,2017,5,88,7,2,1.4142135623731,0.336472236621213,0.237921800195864,1.18321595661992,0.073064017839119,1.94448267215017,7.23296019900498,-3.63253907512481
"ST. JOHN","3/13/2022",4,"2022-03-13",2022,3,15.4193548387097,2022,2015,7,353,5,1,1,0.916290731874155,0.916290731874155,2.5,0.397940008672038,2.54777470538782,7.21323529411765,-4.00650339533156
"STAMPFLI","2/26/2022",0,"2022-02-26",2022,2,14.8387096774194,2022,2015,7,13,1,1,1,0,0,1,0,1.11394335230684,10.024213836478,-3.9323790015985
"STRAWBERRY BLONDE","3/13/2022",3,"2022-03-13",2022,3,15.4193548387097,2022,2015,7,14,4,1,1,1.38629436111989,1.38629436111989,4,0.602059991327962,1.14612803567824,4.45487804878049,-4.06695706756139
"TAYLOR MINE","3/7/2022",27,"2022-03-07",2022,3,15.2258064516129,2022,2016,6,240,28,1,1,0.336472236621213,0.336472236621213,1.4,0.146128035678238,2.38021124171161,6.74845890410959,-4.03982941028149
"ZIMMERMAN","3/15/2022",576,"2022-03-15",2022,3,15.4838709677419,2022,2013,9,16589,577,1,1,-0.171576571754126,-0.171576571754126,0.842335766423358,-0.0745147583366942,4.21982020714724,7.62134632418069,-3.73377779769118
"BEAR CREEK","2/25/2023",4,"2023-02-25",2023,2,14.8064516129032,2023,2016,7,171,5,1,1,-0.182321556793955,-0.182321556793955,0.833333333333333,-0.0791812460476248,2.23299611039215,7.37600802407222,-3.89841667033448
"BEATENS CAVE","3/3/2023",3,"2023-03-03",2023,3,15.0967741935484,2023,2015,8,82,4,1,1,-0.22314355131421,-0.22314355131421,0.8,-0.0969100130080564,1.91381385238372,6.15443519619501,-4.44084677986288
"BLACKBALL","3/10/2023",492,"2023-03-10",2023,3,15.3225806451613,2023,2013,10,17372,493,1,1,0.395374205126202,0.395374205126202,1.48493975903614,0.171708835573194,4.23984982069019,8.00542372881356,-3.65293766006043
"BOSCOBEL BEAR","3/13/2023",1,"2023-03-13",2023,3,15.4193548387097,2023,2015,8,111,2,1,1,-1.38629436111989,-1.38629436111989,0.25,-0.602059991327962,2.04532297878666,7.26837419354839,-3.70586279095923
"ELROY SPARTA","2/26/2023",41,"2023-02-26",2023,2,14.8387096774194,2023,2016,7,185,42,1,1,0.154150679827258,0.154150679827258,1.16666666666667,0.0669467896306132,2.26717172840301,7.34024822695035,-4.17344371852443
"GLEN ADIT","3/1/2023",47,"2023-03-01",2023,3,15.0322580645161,2023,2015,8,569,48,1,1,0.735706794978741,0.735706794978741,2.08695652173913,0.319513401357994,2.75511226639507,4.34124849939976,-3.84646752584571
"HORSESHOE BAY","3/12/2023",26,"2023-03-12",2023,3,15.3870967741935,2023,2015,8,1448,27,1,1,-0.510825623765991,-0.510825623765991,0.6,-0.221848749616356,3.16076856186113,7.375,-3.43055476295668
"JOHNSTON POTTERY","3/13/2023",0,"2023-03-13",2023,3,15.4193548387097,2023,2015,8,9,1,1,1,0,0,1,0,0.954242509439325,6.75939799331104,-4.52995195938727
"LEDGEVIEW","3/11/2023",1,"2023-03-11",2023,3,15.3548387096774,2023,2017,6,35,2,1,1,-0.405465108108164,-0.405465108108164,0.666666666666667,-0.176091259055681,1.54406804435028,8.07144112478032,-4.02003835549703
"MARIBEL","3/11/2023",6,"2023-03-11",2023,3,15.3548387096774,2023,2016,7,127,7,1,1,-0.451985123743057,-0.451985123743057,0.636363636363636,-0.196294645143968,2.10380372095596,9.14758478931141,-3.9117302800308
"MASS C","3/1/2023",7,"2023-03-01",2023,3,15.0322580645161,2023,2015,8,158,8,1,1,0.133531392624523,0.133531392624523,1.14285714285714,0.0579919469776867,2.19865708695442,4.23196347031963,-4.05144829535354
"NEDA MINE","3/9/2023",5627,"2023-03-09",2023,3,15.2903225806452,2023,2015,8,25048,5628,1,1,0.454908470639831,0.454908470639831,1.57602912349482,0.197564238569926,4.39877305460886,7.57700331125828,-4.41652506716214
"SOUTH PORTAL","3/8/2023",12,"2023-03-08",2023,3,15.258064516129,2023,2017,6,88,13,1,1,0.619039208406224,0.619039208406224,1.85714285714286,0.26884531229258,1.94448267215017,7.23296019900498,-3.63253907512481
"TAYLOR MINE","3/1/2023",34,"2023-03-01",2023,3,15.0322580645161,2023,2016,7,240,35,1,1,0.22314355131421,0.22314355131421,1.25,0.0969100130080564,2.38021124171161,6.74845890410959,-4.03982941028149
"ZIMMERMAN","3/10/2023",921,"2023-03-10",2023,3,15.3225806451613,2023,2013,10,16589,922,1,1,0.468702957048494,0.468702957048494,1.59792027729636,0.203555107897898,4.21982020714724,7.62134632418069,-3.73377779769118
"BAY CITY","3/4/2024",25608,"2024-03-04",2024,3,15.1290322580645,2024,2016,8,55759,25609,2,1.4142135623731,0.798251742583026,0.564449220274436,1.49052122063137,0.173338163486732,4.74631497638163,4.32537190082645,-4.50299901569057
"BEAR CREEK","3/16/2024",4,"2024-03-16",2024,3,15.5161290322581,2024,2016,8,171,5,1,1,0,0,1,0,2.23299611039215,7.37600802407222,-3.89841667033448
"BEATENS CAVE","2/28/2024",3,"2024-02-28",2024,2,14.9032258064516,2024,2015,9,82,4,1,1,0,0,1,0,1.91381385238372,6.15443519619501,-4.44084677986288
"BLACKBALL","3/11/2024",518,"2024-03-11",2024,3,15.3548387096774,2024,2013,11,17372,519,1,1,0.0513947091231986,0.0513947091231986,1.052738336714,0.0223204385712278,4.23984982069019,8.00542372881356,-3.65293766006043
"BOSCOBEL BEAR","3/15/2024",6,"2024-03-15",2024,3,15.4838709677419,2024,2015,9,111,7,1,1,1.25276296849537,1.25276296849537,3.5,0.544068044350276,2.04532297878666,7.26837419354839,-3.70586279095923
"CLINTON MINE","1/1/2024",356,"2024-01-01",2024,1,13.0322580645161,2024,2010,14,1517,357,2,1.4142135623731,-0.411979789129358,-0.291313702605173,0.81384130046199,-0.0894602745372727,3.18098558078673,7.5906976744186,-4.16995285394833
"ELROY SPARTA","3/13/2024",40,"2024-03-13",2024,3,15.4193548387097,2024,2016,8,185,41,1,1,-0.0240975515790605,-0.0240975515790605,0.976190476190476,-0.010465433678165,2.26717172840301,7.34024822695035,-4.17344371852443
"GLEN ADIT","2/29/2024",41,"2024-02-29",2024,2,14.9354838709677,2024,2015,9,569,42,1,1,-0.133531392624523,-0.133531392624523,0.875,-0.0579919469776868,2.75511226639507,4.34124849939976,-3.84646752584571
"GRAPHITE MINE","1/1/2024",17285,"2024-01-01",2024,1,13.0322580645161,2024,2008,16,183542,17286,3,1.73205080756888,0.349691238253277,0.201894330538783,1.123629135142,0.0506229917144378,5.26373545976579,3.80637873754153,-3.72798997581999
"HAILES CAVE","1/1/2024",11236,"2024-01-01",2024,1,13.0322580645161,2024,2007,17,26658,11237,3,1.73205080756888,0.0597740003389369,0.034510535186226,1.0201244878692,0.00865317283616115,4.42582756362451,7.92453987730061,-5.04306787894038
"HORSESHOE BAY","3/9/2024",35,"2024-03-09",2024,3,15.2903225806452,2024,2015,9,1448,36,1,1,0.287682072451781,0.287682072451781,1.33333333333333,0.1249387366083,3.16076856186113,7.375,-3.43055476295668
"LEDGEVIEW","3/8/2024",3,"2024-03-08",2024,3,15.258064516129,2024,2017,7,35,4,1,1,0.693147180559945,0.693147180559945,2,0.301029995663981,1.54406804435028,8.07144112478032,-4.02003835549703
"MAIDEN ROCK","3/5/2024",47345,"2024-03-05",2024,3,15.1612903225806,2024,2016,8,128019,47346,2,1.4142135623731,0.520539074244576,0.368076709270907,1.29727970458453,0.113033623779723,5.10727443045094,7.02758002560819,-4.34330016632029
"MARIBEL","3/8/2024",7,"2024-03-08",2024,3,15.258064516129,2024,2016,8,127,8,1,1,0.133531392624523,0.133531392624523,1.14285714285714,0.0579919469776867,2.10380372095596,9.14758478931141,-3.9117302800308
"MASS C","2/29/2024",7,"2024-02-29",2024,2,14.9354838709677,2024,2015,9,158,8,1,1,0,0,1,0,2.19865708695442,4.23196347031963,-4.05144829535354
"NEDA MINE","3/12/2024",6467,"2024-03-12",2024,3,15.3870967741935,2024,2015,9,25048,6468,1,1,0.139112802462718,0.139112802462718,1.14925373134328,0.0604159224716554,4.39877305460886,7.57700331125828,-4.41652506716214
"SOUTH PORTAL","3/6/2024",6,"2024-03-06",2024,3,15.1935483870968,2024,2017,7,88,7,1,1,-0.619039208406224,-0.619039208406224,0.538461538461538,-0.26884531229258,1.94448267215017,7.23296019900498,-3.63253907512481
"STAMPFLI","3/16/2024",0,"2024-03-16",2024,3,15.5161290322581,2024,2015,9,13,1,2,1.4142135623731,0,0,1,0,1.11394335230684,10.024213836478,-3.9323790015985
"TAYLOR MINE","2/29/2024",52,"2024-02-29",2024,2,14.9354838709677,2024,2016,8,240,53,1,1,0.414943852062708,0.414943852062708,1.51428571428571,0.180207825250513,2.38021124171161,6.74845890410959,-4.03982941028149
"WALTER WILLIAMS PRESERVE","1/1/2024",30496,"2024-01-01",2024,1,13.0322580645161,2024,2008,16,87401,30497,3,1.73205080756888,-0.208444447701222,-0.120345457991384,0.932877407719443,-0.0301754244733372,4.94151640165039,4.39193548387097,-3.6561072030014
"WILLIAMS HOTEL MINE","1/1/2024",3926,"2024-01-01",2024,1,13.0322580645161,2024,2008,16,9080,3927,3,1.73205080756888,0.269930375915467,0.155844375197252,1.09414889037227,0.0390764242527192,3.95808584852109,3.34028436018957,-4.36342602068224
"WILLIAMS LAKE MINE","1/1/2024",847,"2024-01-01",2024,1,13.0322580645161,2024,2008,16,9432,848,3,1.73205080756888,0.702625924514489,0.40566126665805,1.26390816840214,0.101715520619604,3.97460379208703,4.59733333333333,-3.83358353064646
"ZIMMERMAN","3/11/2024",873,"2024-03-11",2024,3,15.3548387096774,2024,2013,11,16589,874,1,1,-0.0534648479010583,-0.0534648479010583,0.947939262472885,-0.0232194884192263,4.21982020714724,7.62134632418069,-3.73377779769118
"BAY CITY","3/4/2025",22770,"2025-03-04",2025,3,15.1290322580645,2025,2016,9,55759,22771,1,1,-0.117456055655374,-0.117456055655374,0.889179585302042,-0.05101051683725,4.74631497638163,4.32537190082645,-4.50299901569057
"BEAR CREEK","3/1/2025",0,"2025-03-01",2025,3,15.0322580645161,2025,2016,9,171,1,1,1,-1.6094379124341,-1.6094379124341,0.2,-0.698970004336019,2.23299611039215,7.37600802407222,-3.89841667033448
"BEATENS CAVE","3/13/2025",2,"2025-03-13",2025,3,15.4193548387097,2025,2015,10,82,3,1,1,-0.287682072451781,-0.287682072451781,0.75,-0.1249387366083,1.91381385238372,6.15443519619501,-4.44084677986288
"BLACKBALL","3/10/2025",829,"2025-03-10",2025,3,15.3225806451613,2025,2013,12,17372,830,1,1,0.469521817624755,0.469521817624755,1.59922928709056,0.203910734527616,4.23984982069019,8.00542372881356,-3.65293766006043
"ELROY SPARTA","3/7/2025",32,"2025-03-07",2025,3,15.2258064516129,2025,2016,9,185,33,1,1,-0.217064505237827,-0.217064505237827,0.804878048780488,-0.094269916841848,2.26717172840301,7.34024822695035,-4.17344371852443
"GLEN ADIT","3/13/2025",63,"2025-03-13",2025,3,15.4193548387097,2025,2015,10,569,64,1,1,0.421213465076303,0.421213465076303,1.52380952380952,0.182930683585987,2.75511226639507,4.34124849939976,-3.84646752584571
"HORSESHOE BAY","3/17/2025",58,"2025-03-17",2025,3,15.5483870967742,2025,2015,10,1448,59,1,1,0.494018505449609,0.494018505449609,1.63888888888889,0.214549510874857,3.16076856186113,7.375,-3.43055476295668
"LEDGEVIEW","3/16/2025",0,"2025-03-16",2025,3,15.5161290322581,2025,2017,8,35,1,1,1,-1.38629436111989,-1.38629436111989,0.25,-0.602059991327962,1.54406804435028,8.07144112478032,-4.02003835549703
"MAIDEN ROCK","3/5/2025",52497,"2025-03-05",2025,3,15.1612903225806,2025,2016,9,128019,52498,1,1,0.103292734866888,0.103292734866888,1.10881595066109,0.044859464773385,5.10727443045094,7.02758002560819,-4.34330016632029
"MARIBEL","3/16/2025",3,"2025-03-16",2025,3,15.5161290322581,2025,2016,9,127,4,1,1,-0.693147180559945,-0.693147180559945,0.5,-0.301029995663981,2.10380372095596,9.14758478931141,-3.9117302800308
"MASS C","3/13/2025",4,"2025-03-13",2025,3,15.4193548387097,2025,2015,10,158,5,1,1,-0.470003629245736,-0.470003629245736,0.625,-0.204119982655925,2.19865708695442,4.23196347031963,-4.05144829535354
"NEDA MINE","3/8/2025",8595,"2025-03-08",2025,3,15.258064516129,2025,2015,10,25048,8596,1,1,0.284430037065404,0.284430037065404,1.32900432900433,0.123526395585042,4.39877305460886,7.57700331125828,-4.41652506716214
"SOUTH PORTAL","3/3/2025",12,"2025-03-03",2025,3,15.0967741935484,2025,2017,8,88,13,1,1,0.619039208406224,0.619039208406224,1.85714285714286,0.26884531229258,1.94448267215017,7.23296019900498,-3.63253907512481
"STAMPFLI","3/1/2025",0,"2025-03-01",2025,3,15.0322580645161,2025,2015,10,13,1,1,1,0,0,1,0,1.11394335230684,10.024213836478,-3.9323790015985
"TAYLOR MINE","3/12/2025",34,"2025-03-12",2025,3,15.3870967741935,2025,2016,9,240,35,1,1,-0.414943852062708,-0.414943852062708,0.660377358490566,-0.180207825250513,2.38021124171161,6.74845890410959,-4.03982941028149
"ZIMMERMAN","3/10/2025",1142,"2025-03-10",2025,3,15.3225806451613,2025,2013,12,16589,1143,1,1,0.268331288139275,0.268331288139275,1.30778032036613,0.116534797760879,4.21982020714724,7.62134632418069,-3.73377779769118
